,Fichier,Nom,Adresse,TEL,FAX,Date,Heure,Plaque,Client,Produit,Quantité,Transporteur
0,doc_657.csv,BODIN,"TERRITOIRE DE BELFORT,CREUSE",01 80 18 00 60,+33 (0)3 22 90 84 11,,,ZR008SS,ALICE MARÉCHAL,"1-TERRES,2-INERTES","[('47925', 'KG'), ('13858', 'KG'), ('30834', 'KG')]",RUIZ
1,doc_51.csv,ROUX SARL,"HAUTE-SAVOIE,JURA",+33 4 66 65 60 44,0484505464,,,JK916LU,HENRI ROYER-DELMAS,"1-TERRES,2-INERTES","[('32122', 'KG'), ('13596', 'KG'), ('23307', 'KG')]",VAILLANT SA
2,doc_33.csv,MARCHAND,"ORNE,CALVADOS",+33 2 19 79 29 38,+33 5 24 92 86 30,,,HF761DX,ALEX DELAUNAY-GEORGES,"1-TERRES,2-INERTES","[('41404', 'KG'), ('14507', 'KG'), ('39136', 'KG')]",LEROUX S.A.R.L.
3,doc_18051.csv,BIGOT MARTINEAU S.A.,"GERS,RUE,DU,PUBLIC,70998,BONNEUIL--HAUTE-LOIRE",+33 2 37 89 73 10,,"(datetime.datetime(2012, 8, 14, 0, 0), datetime.datetime(2007, 2, 22, 0, 0))","(datetime.time(20, 5, 27), datetime.time(8, 4, 27))",ZN370MQ,PHILIPPE LAPORTE,-TERRE,"[('43793', 'KG(BRUT)'), ('13301', 'KG(TARE)'), ('20425', 'KG(NET)')]",TRISTAN TEIXEIRA
4,doc_79752.csv,RENARD,"AUDE,RUE,DU,AVENTURE,47158,BONNEUIL--VIENNE",0469230960,,"(datetime.datetime(2016, 9, 30, 0, 0), datetime.datetime(1986, 12, 21, 0, 0))","(datetime.time(1, 2, 11), datetime.time(12, 45, 8))",WW204JD,GABRIEL DAVID DE GUILBERT,-TERRE,"[('47299', 'KG(BRUT)'), ('15154', 'KG(TARE)'), ('37624', 'KG(NET)')]",THIERRY LEROUX
5,doc_985.csv,BLOT,"HAUTE-CORSE,LOIRE-ATLANTIQUE",+33 5 57 30 77 71,0449027450,,,PZ465TX,OLIVIER GOSSELIN,"1-TERRES,2-INERTES","[('35550', 'KG'), ('12869', 'KG'), ('31014', 'KG')]",LECOMTE S.A.
6,doc_84487.csv,BRIAND,"INDRE,RUE,DU,VOL,81407,BONNEUIL--AISNE",02 41 92 91 68,,"(datetime.datetime(1971, 10, 11, 0, 0), datetime.datetime(2005, 2, 7, 0, 0))","(datetime.time(9, 40, 9), datetime.time(16, 59, 21))",WU739XZ,RICHARD-STÉPHANE PEREIRA,-TERRE,"[('36331', 'KG(BRUT)'), ('13769', 'KG(TARE)'), ('38672', 'KG(NET)')]",VICTOR DE OLIVEIRA
7,doc_77428.csv,WEBER,"INDRE-ET-LOIRE,RUE,DU,EXIGER,68682,BONNEUIL--CÔTE-D'OR",0590119147,,"(datetime.datetime(1986, 7, 24, 0, 0), datetime.datetime(2013, 2, 22, 0, 0))","(datetime.time(0, 32, 59), datetime.time(9, 35, 54))",RU156NV,STÉPHANIE DU PELTIER,-TERRE,"[('46730', 'KG(BRUT)'), ('12353', 'KG(TARE)'), ('34648', 'KG(NET)')]",PAUL KLEIN
8,doc_572.csv,BARBIER SCHMITT S.A.,"ALLIER,CHER",+33 3 23 90 57 47,+33 4 49 15 53 66,,,SI978KB,ALEXANDRE GONZALEZ DE MAILLARD,"1-TERRES,2-INERTES","[('41909', 'KG'), ('15366', 'KG'), ('39528', 'KG')]",PINTO
9,doc_363.csv,BLONDEL S.A.R.L.,"LANDES,TARN",+33 (0)1 60 49 57 01,+33 (0)5 54 72 86 85,,,PY296YC,JOSÉPHINE MAILLOT,"1-TERRES,2-INERTES","[('30698', 'KG'), ('13418', 'KG'), ('34348', 'KG')]",HENRY
10,doc_49201.csv,ROSSI RENARD ET FILS,"SEINE-SAINT-DENIS,RUE,DU,NORD,23248,BONNEUIL--ISÈRE",+33 (0)2 58 56 41 55,,"(datetime.datetime(1974, 10, 31, 0, 0), datetime.datetime(1992, 5, 12, 0, 0))","(datetime.time(3, 37, 33), datetime.time(16, 53, 54))",BJ662DE,FRANÇOIS-EMMANUEL COHEN,-TERRE,"[('34489', 'KG(BRUT)'), ('13731', 'KG(TARE)'), ('21470', 'KG(NET)')]",RENÉE LAMBERT
11,doc_32168.csv,HUMBERT LUCAS ET FILS,"HAUTE-CHER,RUE,DU,SOMBRE,0488,BONNEUIL--TERRITOIRE DE BELFORT",0366032974,,"(datetime.datetime(2019, 4, 25, 0, 0), datetime.datetime(2019, 10, 31, 0, 0))","(datetime.time(12, 26, 10), datetime.time(12, 12, 49))",EC658WT,ODETTE REYNAUD-LEGENDRE,-TERRE,"[('40968', 'KG(BRUT)'), ('14784', 'KG(TARE)'), ('21919', 'KG(NET)')]",LÉON VALENTIN
12,doc_875.csv,FONTAINE LEMAÎTRE SA,"TERRITOIRE DE BELFORT,BOUCHES-DU-RHÔNE",04 82 18 11 21,04 75 07 17 76,,,AM421KC,ALEXANDRIE TANGUY LE MORIN,"1-TERRES,2-INERTES","[('37223', 'KG'), ('12620', 'KG'), ('34910', 'KG')]",PAUL MAILLARD S.A.R.L.
13,doc_726.csv,FOUCHER,"AIN,MANCHE",0690494097,0364371479,,,OO839HU,LAURENCE-JEANNE GAY,"1-TERRES,2-INERTES","[('31390', 'KG'), ('13372', 'KG'), ('27589', 'KG')]",SOUFFRANCERAND
14,doc_86627.csv,PETIT,"PARIS,RUE,DU,EFFACER,75611,BONNEUIL--TARN-ET-GARONNE",+33 (0)5 67 50 06 34,,"(datetime.datetime(1985, 8, 30, 0, 0), datetime.datetime(2014, 2, 10, 0, 0))","(datetime.time(1, 58, 45), datetime.time(12, 3, 30))",AA598KN,AIMÉE-ALIX LOPES,-TERRE,"[('31727', 'KG(BRUT)'), ('15635', 'KG(TARE)'), ('34519', 'KG(NET)')]",GENEVIÈVE FERRAND
15,doc_88539.csv,ROY,"AVEYRON,RUE,DU,OISEAU,63797,BONNEUIL--ISÈRE",+33 (0)5 45 38 02 04,,"(datetime.datetime(1985, 12, 9, 0, 0), datetime.datetime(2005, 7, 22, 0, 0))","(datetime.time(12, 29, 39), datetime.time(4, 21, 5))",FS150WY,SABINE DU RÉMY,-TERRE,"[('33326', 'KG(BRUT)'), ('14676', 'KG(TARE)'), ('35675', 'KG(NET)')]",GUILLAUME JACOB
16,doc_689.csv,PETITJEAN,"HÉRAULT,ALPES-MARITIMES",0370107538,+33 1 42 44 68 35,,,OF066FE,BENJAMIN DE LA LOPEZ,"1-TERRES,2-INERTES","[('39408', 'KG'), ('15734', 'KG'), ('22749', 'KG')]",LOMBARD GARNIER S.A.S.
17,doc_48.csv,GOSSELIN TRAORE ET FILS,"HAUTES-PYRÉNÉES,PYRÉNÉES-ATLANTIQUES",+33 (0)5 24 95 00 30,+33 3 83 34 42 75,,,OO107QP,THIBAULT LAGARDE-ALLAIN,"1-TERRES,2-INERTES","[('43956', 'KG'), ('15952', 'KG'), ('21621', 'KG')]",LECOQ TECHER ET FILS
18,doc_430.csv,HEBERT JOUBERT S.A.S.,"VAUCLUSE,CREUSE",0443539364,+33 2 14 66 96 96,,,LP152QB,MARTHE GUILLOU LE DE SOUSA,"1-TERRES,2-INERTES","[('37403', 'KG'), ('12684', 'KG'), ('20293', 'KG')]",LE ROUX
19,doc_71451.csv,RENARD MARIN SARL,"VAL-DE-HAUTE-GARONNE,RUE,DU,DOIGT,67448,BONNEUIL--SOMME",+33 (0)2 32 04 32 23,,"(datetime.datetime(1998, 5, 16, 0, 0), datetime.datetime(1996, 9, 23, 0, 0))","(datetime.time(0, 45, 49), datetime.time(2, 44, 14))",HM132YP,ÉRIC DU LABBÉ,-TERRE,"[('30793', 'KG(BRUT)'), ('15115', 'KG(TARE)'), ('24392', 'KG(NET)')]",JACQUES TECHER
20,doc_958.csv,ARNAUD S.A.,"HAUTE-MARNE,HAUTE-CORSE",+33 (0)5 56 48 99 40,+33 (0)5 45 46 15 83,,,XJ520HC,LOUIS-EUGÈNE LAURENT,"1-TERRES,2-INERTES","[('48756', 'KG'), ('12901', 'KG'), ('34284', 'KG')]",AUBRY
21,doc_398.csv,DA SILVA,"MEUSE,PYRÉNÉES-ORIENTALES",0249444160,05 82 89 63 63,,,WP605YK,JACQUES BONNET LE DELANNOY,"1-TERRES,2-INERTES","[('33811', 'KG'), ('14520', 'KG'), ('26988', 'KG')]",WEISS
22,doc_351.csv,PINEAU SA,"HÉRAULT,BOUCHES-DU-RHÔNE",+33 4 97 69 11 31,+33 (0)2 85 07 68 64,,,OS381SN,SIMONE PRÉVOST,"1-TERRES,2-INERTES","[('38051', 'KG'), ('12477', 'KG'), ('22178', 'KG')]",CHARRIER MARY SA
23,doc_705.csv,LEMOINE,"LOIRE,DORDOGNE",04 13 87 67 36,0555133093,,,TD372WI,ROBERT COLLIN-VERDIER,"1-TERRES,2-INERTES","[('40748', 'KG'), ('13121', 'KG'), ('20256', 'KG')]",GUILLON
24,doc_5350.csv,MAILLET,"MEUSE,RUE,DU,DERRIÈRE,0660,BONNEUIL--HAUTE-CORSE",+33 (0)2 46 98 29 70,,"(datetime.datetime(2001, 2, 16, 0, 0), datetime.datetime(2012, 8, 6, 0, 0))","(datetime.time(22, 1, 14), datetime.time(11, 24, 7))",NN294RH,THIBAUT LE PICHON,-TERRE,"[('34121', 'KG(BRUT)'), ('14399', 'KG(TARE)'), ('31162', 'KG(NET)')]",CHRISTINE CARON
25,doc_161.csv,TOUSSAINT GILLET SARL,"INDRE,GUYANE",03 66 33 74 26,+33 (0)3 61 41 79 72,,,MG909NN,ANNE DE LOPES,"1-TERRES,2-INERTES","[('40060', 'KG'), ('15411', 'KG'), ('28582', 'KG')]",TOUSSAINT
26,doc_98462.csv,ALBERT,"ALPES-MARITIMES,RUE,DU,AFFIRMER,72324,BONNEUIL--HÉRAULT",+33 (0)2 46 69 56 83,,"(datetime.datetime(2021, 2, 11, 0, 0), datetime.datetime(1987, 8, 19, 0, 0))","(datetime.time(0, 50, 54), datetime.time(1, 3, 43))",MN911CF,ÉRIC VALENTIN LE COSTA,-TERRE,"[('42555', 'KG(BRUT)'), ('15216', 'KG(TARE)'), ('30925', 'KG(NET)')]",PATRICIA FERNANDES DE MARIN
27,doc_599.csv,PRUVOST,"SEINE-MARITIME,ALPES-DE-HAUTE-PROVENCE",+33 1 48 93 59 65,0249091653,,,CN484UL,MADELEINE JOSEPH,"1-TERRES,2-INERTES","[('46707', 'KG'), ('12208', 'KG'), ('31975', 'KG')]",RODRIGUEZ
28,doc_93012.csv,GUYON WEISS S.A.S.,"RHÔNE,RUE,DU,FRANÇAIS,34907,BONNEUIL--SEINE-ET-LOIR-ET-CHER",+33 4 75 18 87 59,,"(datetime.datetime(1979, 12, 29, 0, 0), datetime.datetime(1982, 8, 10, 0, 0))","(datetime.time(10, 55, 50), datetime.time(10, 59, 37))",TE146BJ,SUSANNE-ANNE DA SILVA,-TERRE,"[('32990', 'KG(BRUT)'), ('13093', 'KG(TARE)'), ('21601', 'KG(NET)')]",NATH TESSIER-MAURY
29,doc_52088.csv,MICHAUD GUILLOU SARL,"LANDES,RUE,DU,ROULER,84538,BONNEUIL--CORSE-DU-SUD",+33 (0)4 71 13 00 12,,"(datetime.datetime(2008, 11, 11, 0, 0), datetime.datetime(1993, 4, 3, 0, 0))","(datetime.time(18, 2, 2), datetime.time(21, 46, 7))",LN679VM,MICHEL-THIERRY ROSSI,-TERRE,"[('41240', 'KG(BRUT)'), ('15830', 'KG(TARE)'), ('32960', 'KG(NET)')]",FRANÇOIS MARY
30,doc_38023.csv,NEVEU,"GERS,RUE,DU,DESSINER,70253,BONNEUIL--AISNE",0140323931,,"(datetime.datetime(1982, 9, 25, 0, 0), datetime.datetime(1970, 4, 23, 0, 0))","(datetime.time(20, 6, 21), datetime.time(9, 34, 35))",UU389MH,JOSETTE PELLETIER,-TERRE,"[('49397', 'KG(BRUT)'), ('14898', 'KG(TARE)'), ('25195', 'KG(NET)')]",MADELEINE ROY
31,.~lock.doc_657.csv#,,,,,,,,,,,
32,doc_83.csv,GRÉGOIRE,"LA RÉUNION,YVELINES",+33 (0)3 71 86 75 57,+33 (0)5 40 67 96 93,,,EN130BY,SUZANNE MAURICE,"1-TERRES,2-INERTES","[('43053', 'KG'), ('13160', 'KG'), ('29776', 'KG')]",HARDY
33,doc_55617.csv,DOS SANTOS MAURY S.A.,"LOIRE-ATLANTIQUE,RUE,DU,VIDE,75846,BONNEUIL--CÔTES-D'ARMOR",0468742894,,"(datetime.datetime(1994, 5, 6, 0, 0), datetime.datetime(1986, 1, 13, 0, 0))","(datetime.time(19, 59, 38), datetime.time(0, 57, 33))",QD004WO,DAVID-JULES PERRIN,-TERRE,"[('37363', 'KG(BRUT)'), ('14051', 'KG(TARE)'), ('24460', 'KG(NET)')]",MARTIN-MICHEL ROBERT
34,doc_68548.csv,GUILLOT SA,"GUADELOUPE,RUE,DU,FUSIL,81991,BONNEUIL--AUDE",04 77 38 72 76,,"(datetime.datetime(1981, 5, 8, 0, 0), datetime.datetime(1983, 11, 2, 0, 0))","(datetime.time(9, 26), datetime.time(1, 40, 25))",QJ725VP,PAUL RODRIGUES,-TERRE,"[('37702', 'KG(BRUT)'), ('14342', 'KG(TARE)'), ('35192', 'KG(NET)')]",JOSETTE ROUSSET LE MICHAUD
35,doc_62614.csv,HAMON PICARD S.A.S.,"GUADELOUPE,RUE,DU,PAYSAN,21198,BONNEUIL--TARN-ET-GARONNE",+33 4 67 20 53 13,,"(datetime.datetime(2011, 9, 14, 0, 0), datetime.datetime(2016, 4, 23, 0, 0))","(datetime.time(16, 28, 9), datetime.time(12, 49, 21))",NV035DN,MARGOT DE OLIVEIRA,-TERRE,"[('38282', 'KG(BRUT)'), ('13075', 'KG(TARE)'), ('34312', 'KG(NET)')]",DENISE COURTOIS
36,doc_70357.csv,LECOQ MARCHAND S.A.S.,"OISE,RUE,DU,SIGNIFIER,20389,BONNEUIL--ORNE",02 99 73 39 24,,"(datetime.datetime(2015, 2, 25, 0, 0), datetime.datetime(1984, 10, 11, 0, 0))","(datetime.time(12, 18, 25), datetime.time(9, 9, 57))",AO102XQ,JULIEN GIRARD,-TERRE,"[('46695', 'KG(BRUT)'), ('12540', 'KG(TARE)'), ('30221', 'KG(NET)')]",BERTRAND RUIZ-LEBRETON
37,doc_279.csv,MARTINS ROUSSEAU SA,"HAUT-RHIN,CREUSE",0486728519,0181886375,,,IN540YD,ALEXANDRE ALLAIN,"1-TERRES,2-INERTES","[('48000', 'KG'), ('15800', 'KG'), ('29399', 'KG')]",TESSIER
38,doc_823.csv,TORRES JACQUET S.A.S.,"SEINE-SAINT-DENIS,CORSE-DU-SUD",+33 (0)3 64 80 31 97,+33 2 33 93 87 71,,,UJ536GT,ÉLODIE LEDOUX,"1-TERRES,2-INERTES","[('45996', 'KG'), ('12859', 'KG'), ('34010', 'KG')]",BARBE SARL
39,doc_829.csv,LEBON NICOLAS ET FILS,"HAUTE-SAVOIE,HAUTES-PYRÉNÉES",+33 2 33 19 87 67,+33 3 56 85 01 20,,,HM412CZ,CHARLES LAURENT,"1-TERRES,2-INERTES","[('46215', 'KG'), ('13218', 'KG'), ('21784', 'KG')]",JACQUES
40,doc_20017.csv,GUILBERT,"CORSE-DU-SUD,RUE,DU,ENTRÉE,74109,BONNEUIL--RHÔNE",+33 4 79 32 08 02,,"(datetime.datetime(2019, 4, 23, 0, 0), datetime.datetime(1995, 3, 23, 0, 0))","(datetime.time(9, 35, 50), datetime.time(1, 28, 10))",CZ138CS,MARGARET DU JACQUES,-TERRE,"[('31618', 'KG(BRUT)'), ('13267', 'KG(TARE)'), ('30368', 'KG(NET)')]",MARTIN DE OLIVEIRA
41,doc_91768.csv,DUMONT,"SAVOIE,RUE,DU,PENDANT,35215,BONNEUIL--BAS-RHIN",03 73 06 23 90,,"(datetime.datetime(1995, 10, 18, 0, 0), datetime.datetime(2009, 9, 26, 0, 0))","(datetime.time(5, 18, 53), datetime.time(18, 24, 1))",RB451PT,WILLIAM REGNIER,-TERRE,"[('42342', 'KG(BRUT)'), ('12645', 'KG(TARE)'), ('32961', 'KG(NET)')]",PAULETTE ROCHE
42,doc_66614.csv,DUPUY SARL,"CHARENTE-MARITIME,RUE,DU,BIEN,87309,BONNEUIL--CREUSE",+33 (0)4 42 63 33 22,,"(datetime.datetime(1986, 6, 3, 0, 0), datetime.datetime(2017, 12, 6, 0, 0))","(datetime.time(16, 41, 15), datetime.time(4, 22, 6))",BE970IW,NICOLAS ALLARD-ROCHER,-TERRE,"[('47974', 'KG(BRUT)'), ('13604', 'KG(TARE)'), ('21833', 'KG(NET)')]",TIMOTHÉE PICARD DE LA BRETON
43,doc_11236.csv,LESAGE,"SAVOIE,RUE,DU,VÉRITABLE,83157,BONNEUIL--MAINE-ET-LOIRE",03 66 57 03 38,,"(datetime.datetime(1987, 8, 27, 0, 0), datetime.datetime(2000, 11, 24, 0, 0))","(datetime.time(9, 1, 26), datetime.time(22, 43, 22))",GF869LY,NATHALIE GAY-VINCENT,-TERRE,"[('45116', 'KG(BRUT)'), ('13972', 'KG(TARE)'), ('30015', 'KG(NET)')]",CAPUCINE TOUSSAINT DE BRUN
44,doc_37345.csv,BLANCHARD DESCAMPS S.A.,"HAUTE-GARONNE,RUE,DU,BIENTÔT,79127,BONNEUIL--LOIRET",04 77 93 79 01,,"(datetime.datetime(1981, 11, 2, 0, 0), datetime.datetime(1972, 1, 25, 0, 0))","(datetime.time(10, 27, 45), datetime.time(3, 31, 19))",SE865XU,JULIE JOLY,-TERRE,"[('44255', 'KG(BRUT)'), ('12330', 'KG(TARE)'), ('21812', 'KG(NET)')]",MATTHIEU PASQUIER
45,doc_951.csv,BAILLY LEFEBVRE SA,"HÉRAULT,LANDES",+33 (0)3 76 65 03 12,02 69 51 35 04,,,JB407GR,JACQUELINE LE GALL,"1-TERRES,2-INERTES","[('35849', 'KG'), ('13390', 'KG'), ('25840', 'KG')]",ALVES
46,doc_49712.csv,GIMENEZ S.A.S.,"ARDENNES,RUE,DU,SUFFIRE,70992,BONNEUIL--HAUTES-ALPES",+33 (0)3 52 21 66 05,,"(datetime.datetime(2006, 7, 26, 0, 0), datetime.datetime(2017, 11, 27, 0, 0))","(datetime.time(3, 55, 21), datetime.time(2, 1, 10))",GT671VZ,ALIX BLIN,-TERRE,"[('34504', 'KG(BRUT)'), ('12445', 'KG(TARE)'), ('21504', 'KG(NET)')]",XAVIER LEGENDRE
47,doc_857.csv,VOISIN SA,"PUY-DE-DÔME,DORDOGNE",+33 3 80 80 42 59,0423510883,,,MQ874OW,LAURENCE CHARLES,"1-TERRES,2-INERTES","[('36038', 'KG'), ('12526', 'KG'), ('25939', 'KG')]",DIJOUX DIAZ SARL
48,doc_622.csv,SANCHEZ,"HAUTES-PYRÉNÉES,HAUTS-DE-SEINE",+33 3 80 24 39 18,0590494428,,,ZW027RD,MICHELLE DU DUVAL,"1-TERRES,2-INERTES","[('35326', 'KG'), ('13790', 'KG'), ('32836', 'KG')]",JACOB
49,doc_96505.csv,GONCALVES,"TARN-ET-GARONNE,RUE,DU,AIMER,36947,BONNEUIL--PUY-DE-DÔME",+33 4 88 78 31 67,,"(datetime.datetime(1979, 1, 2, 0, 0), datetime.datetime(2004, 2, 25, 0, 0))","(datetime.time(5, 40, 26), datetime.time(15, 59, 18))",ZB208OK,THÉRÈSE LÉVÊQUE,-TERRE,"[('38693', 'KG(BRUT)'), ('12132', 'KG(TARE)'), ('37392', 'KG(NET)')]",STÉPHANIE CARRE
50,doc_37111.csv,DOS SANTOS,"NORD,RUE,DU,RACONTER,56187,BONNEUIL--CREUSE",05 62 84 64 97,,"(datetime.datetime(1977, 12, 15, 0, 0), datetime.datetime(2018, 2, 20, 0, 0))","(datetime.time(4, 54, 7), datetime.time(5, 9, 3))",MY870NH,MARIANNE VASSEUR,-TERRE,"[('36110', 'KG(BRUT)'), ('14110', 'KG(TARE)'), ('20376', 'KG(NET)')]",FRANÇOISE GARNIER-POIRIER
51,doc_31175.csv,BECKER,"YONNE,RUE,DU,CEPENDANT,2877,BONNEUIL--CHARENTE-MARITIME",+33 5 47 25 68 80,,"(datetime.datetime(1991, 8, 11, 0, 0), datetime.datetime(1980, 4, 29, 0, 0))","(datetime.time(3, 32, 23), datetime.time(15, 0, 43))",IJ183SY,ROLAND LEGENDRE,-TERRE,"[('46811', 'KG(BRUT)'), ('15248', 'KG(TARE)'), ('38676', 'KG(NET)')]",THOMAS GROS DU POULAIN
52,doc_57676.csv,CHEVALLIER ET FILS,"HAUTS-DE-SEINE,RUE,DU,GRIS,34102,BONNEUIL--HAUTE-SAÔNE",03 21 76 13 80,,"(datetime.datetime(1990, 1, 11, 0, 0), datetime.datetime(1991, 4, 28, 0, 0))","(datetime.time(7, 37, 6), datetime.time(4, 26, 3))",AJ046MW,NOÉMI JOURDAN,-TERRE,"[('35804', 'KG(BRUT)'), ('13071', 'KG(TARE)'), ('34267', 'KG(NET)')]",LORRAINE ANTOINE
53,doc_771.csv,JACQUOT S.A.S.,"PYRÉNÉES-ATLANTIQUES,BAS-RHIN",+33 (0)3 20 61 72 46,03 62 73 00 47,,,YM422LC,LORRAINE DE LA GIRAUD,"1-TERRES,2-INERTES","[('49022', 'KG'), ('12244', 'KG'), ('23006', 'KG')]",RIOU S.A.
54,doc_787.csv,WEBER SARL,"LOIRET,FINISTÈRE",0179831692,+33 1 58 34 64 85,,,TM290XT,CHRISTINE BOUVIER,"1-TERRES,2-INERTES","[('30749', 'KG'), ('13806', 'KG'), ('20754', 'KG')]",MAILLOT S.A.R.L.
55,doc_58264.csv,MULLER GAUTHIER SARL,"CHARENTE,RUE,DU,PLUSIEURS,20934,BONNEUIL--HAUTE-CORSE",04 58 67 28 11,,"(datetime.datetime(1980, 3, 18, 0, 0), datetime.datetime(2014, 10, 21, 0, 0))","(datetime.time(18, 56, 59), datetime.time(5, 38, 27))",NC165MT,JOSETTE GAILLARD,-TERRE,"[('33831', 'KG(BRUT)'), ('15765', 'KG(TARE)'), ('21098', 'KG(NET)')]",ALEXANDRIA MARTEL
56,doc_26996.csv,PELTIER SARL,"LOT-ET-GARONNE,RUE,DU,SAUVER,09814,BONNEUIL--CANTAL",+33 (0)2 50 70 35 11,,"(datetime.datetime(1997, 1, 31, 0, 0), datetime.datetime(2020, 12, 6, 0, 0))","(datetime.time(2, 4, 8), datetime.time(17, 36, 8))",RG971FL,LAETITIA-NOÉMI COULON,-TERRE,"[('31966', 'KG(BRUT)'), ('12900', 'KG(TARE)'), ('33368', 'KG(NET)')]",CLAIRE VIDAL
57,doc_127.csv,DENIS,"MAINE-ET-LOIRE,ALPES-MARITIMES",0258029922,+33 2 48 58 90 82,,,TN438BK,CHRISTINE PERROT,"1-TERRES,2-INERTES","[('35294', 'KG'), ('14455', 'KG'), ('20772', 'KG')]",ROUSSEL CAMUS S.A.
58,doc_736.csv,LÉGER,"NIÈVRE,HAUTES-PYRÉNÉES",+33 3 45 26 96 50,+33 (0)3 89 04 95 92,,,YT019OL,TIMOTHÉE POIRIER DE MARTIN,"1-TERRES,2-INERTES","[('38829', 'KG'), ('12384', 'KG'), ('26612', 'KG')]",MERLE BLONDEL ET FILS
59,doc_487.csv,BOYER,"SARTHE,VAL-D'OISE",+33 (0)1 70 98 08 69,+33 5 58 66 80 11,,,EW688GW,EMMANUEL DUPUY,"1-TERRES,2-INERTES","[('49521', 'KG'), ('12759', 'KG'), ('33952', 'KG')]",MONNIER
60,doc_508.csv,VIDAL POULAIN SA,"PYRÉNÉES-ATLANTIQUES,NORD",+33 (0)3 27 52 94 60,0144383235,,,TY618PN,HENRI LUCAS,"1-TERRES,2-INERTES","[('34278', 'KG'), ('12303', 'KG'), ('28647', 'KG')]",LOMBARD JULIEN ET FILS
